{"channels": [[-15.686276379753785, -14.728863919884692, -14.7058878459189, -14.770988280446863, -15.686276379753785, -14.749927035140708, -14.7058878459189, -14.767158623127587, -15.686276379753785, -14.784393951014192, -14.7058878459189, -14.770988280446863, -15.686276379753785, -14.790138436993105, -14.7058878459189]], "times": [0.0, 0.5011042239930248, 0.5011366809922038, 1.5024268480046885, 1.5024453749938402, 2.5037856779963477, 2.503810894995695, 3.5045824400003767, 3.504605542999343, 4.5059818040026585, 4.5060078329988755, 5.507399444002658, 5.507423264003592, 6.508584497001721, 6.508602367001004], "directions": []}